task_description,priority
Fix the database connection issue in the login module,High
Update the user profile page with new color scheme,Low
Respond to the client email regarding the new feature,Medium
Resolve the memory leak in the background worker,High
Write unit tests for the new API endpoints,Medium
Change the application logo in the header,Low
Server is down and needs restarting immediately,High
Add pagination to the data grid,Medium
Fix typo on the landing page,Low
Investigate strange error logs in production,High
Setup CI/CD pipeline for the new microservice,High
Refactor the authentication logic,Medium
Update documentation for the usage guide,Low
Optimize database query for reports,High
Review pull requests for the front-end team,Medium
Create presentation slides for tomorrow meeting,High
Adjust font sizes on mobile view,Low
Deploy the latest hotfix to staging environment,High
Migrate old user data to the new schema,High
Design modern UI for the settings page,Medium
Test the payment gateway integration,High
Clean up unused CSS classes,Low
Schedule a weekly sync with the design team,Medium
Implement cache for the product catalog,High
Organize team building activity details,Low
Write API documentation for external partners,Medium
Upgrade server OS to latest version,High
Change border color on welcome screen,Low
Debug the intermittent failing tests,High
Refactor hardcoded strings to translation files,Low
Sync with backend regarding upcoming structural changes,Medium
Set up monitoring alerts for CPU thresholds,High
Investigate customer complaint on billing system,High
Refine the scrolling animation,Low
Participate in agile sprint planning,Medium
Validate new SSL certificates before expiration,High
Add tooltip to the info button,Low
Review security audit report,High
Prepare demo for stake holders,Medium
Fix alignment issue on Edge browser,Low
